SampleID,collectionDate,leadContact,siteID,plotType,fertStatus,plotRep,pseudo_no,xCord,yCord,Description
MMPRNT1465,7/9/2018,Vander Stel,LUX,G5,FERT,1,1,6.44,2.69,sampleID:  MMPRNT-1465    info: 070918_LUX_G5_Rep1_FERT_pseudo1
MMPRNT1466,7/9/2018,Vander Stel,LUX,G5,FERT,1,2,7.88,1.16,sampleID:  MMPRNT-1466    info: 070918_LUX_G5_Rep1_FERT_pseudo2
MMPRNT1467,7/9/2018,Vander Stel,LUX,G5,FERT,1,3,5.46,3.07,sampleID:  MMPRNT-1467    info: 070918_LUX_G5_Rep1_FERT_pseudo3
MMPRNT1468,7/9/2018,Vander Stel,LUX,G5,UNFERT,1,1,3.93,2.28,sampleID:  MMPRNT-1468    info: 070918_LUX_G5_Rep1_UNFERT_pseudo1
MMPRNT1469,7/9/2018,Vander Stel,LUX,G5,UNFERT,1,2,5.76,5.21,sampleID:  MMPRNT-1469    info: 070918_LUX_G5_Rep1_UNFERT_pseudo2
MMPRNT1470,7/9/2018,Vander Stel,LUX,G5,UNFERT,1,3,17.85,0.98,sampleID:  MMPRNT-1470    info: 070918_LUX_G5_Rep1_UNFERT_pseudo3
MMPRNT1471,7/9/2018,Vander Stel,LUX,G5,FERT,2,1,7.5,2.51,sampleID:  MMPRNT-1471    info: 070918_LUX_G5_Rep2_FERT_pseudo1
MMPRNT1472,7/9/2018,Vander Stel,LUX,G5,FERT,2,2,3.19,2.77,sampleID:  MMPRNT-1472    info: 070918_LUX_G5_Rep2_FERT_pseudo2
MMPRNT1473,7/9/2018,Vander Stel,LUX,G5,FERT,2,3,5.61,2.55,sampleID:  MMPRNT-1473    info: 070918_LUX_G5_Rep2_FERT_pseudo3
MMPRNT1474,7/9/2018,Vander Stel,LUX,G5,UNFERT,2,1,15.91,2.84,sampleID:  MMPRNT-1474    info: 070918_LUX_G5_Rep2_UNFERT_pseudo1
MMPRNT1475,7/9/2018,Vander Stel,LUX,G5,UNFERT,2,2,8.06,5.69,sampleID:  MMPRNT-1475    info: 070918_LUX_G5_Rep2_UNFERT_pseudo2
MMPRNT1476,7/9/2018,Vander Stel,LUX,G5,UNFERT,2,3,16.36,5.59,sampleID:  MMPRNT-1476    info: 070918_LUX_G5_Rep2_UNFERT_pseudo3
MMPRNT1477,7/9/2018,Vander Stel,LUX,G5,FERT,3,1,1,0.53,sampleID:  MMPRNT-1477    info: 070918_LUX_G5_Rep3_FERT_pseudo1
MMPRNT1478,7/9/2018,Vander Stel,LUX,G5,FERT,3,2,2.26,3.39,sampleID:  MMPRNT-1478    info: 070918_LUX_G5_Rep3_FERT_pseudo2
MMPRNT1479,7/9/2018,Vander Stel,LUX,G5,FERT,3,3,4.5,0.94,sampleID:  MMPRNT-1479    info: 070918_LUX_G5_Rep3_FERT_pseudo3
MMPRNT1480,7/9/2018,Vander Stel,LUX,G5,UNFERT,3,1,12.68,4.78,sampleID:  MMPRNT-1480    info: 070918_LUX_G5_Rep3_UNFERT_pseudo1
MMPRNT1481,7/9/2018,Vander Stel,LUX,G5,UNFERT,3,2,1.3,4.99,sampleID:  MMPRNT-1481    info: 070918_LUX_G5_Rep3_UNFERT_pseudo2
MMPRNT1482,7/9/2018,Vander Stel,LUX,G5,UNFERT,3,3,8.42,1.95,sampleID:  MMPRNT-1482    info: 070918_LUX_G5_Rep3_UNFERT_pseudo3
MMPRNT1483,7/9/2018,Vander Stel,LUX,G5,FERT,4,1,8.37,5.79,sampleID:  MMPRNT-1483    info: 070918_LUX_G5_Rep4_FERT_pseudo1
MMPRNT1484,7/9/2018,Vander Stel,LUX,G5,FERT,4,2,0.72,3.04,sampleID:  MMPRNT-1484    info: 070918_LUX_G5_Rep4_FERT_pseudo2
MMPRNT1485,7/9/2018,Vander Stel,LUX,G5,FERT,4,3,7.73,0.63,sampleID:  MMPRNT-1485    info: 070918_LUX_G5_Rep4_FERT_pseudo3
MMPRNT1486,7/9/2018,Vander Stel,LUX,G5,UNFERT,4,1,5.27,3.5,sampleID:  MMPRNT-1486    info: 070918_LUX_G5_Rep4_UNFERT_pseudo1
MMPRNT1487,7/9/2018,Vander Stel,LUX,G5,UNFERT,4,2,15.69,2.28,sampleID:  MMPRNT-1487    info: 070918_LUX_G5_Rep4_UNFERT_pseudo2
MMPRNT1488,7/9/2018,Vander Stel,LUX,G5,UNFERT,4,3,1.26,3.85,sampleID:  MMPRNT-1488    info: 070918_LUX_G5_Rep4_UNFERT_pseudo3
MMPRNT1537,7/10/2018,Vander Stel,LC,G5,FERT,1,1,7.06,4.35,sampleID:  MMPRNT-1537    info: 071018_LC_G5_Rep1_FERT_pseudo1
MMPRNT1538,7/10/2018,Vander Stel,LC,G5,FERT,1,2,1.58,4.92,sampleID:  MMPRNT-1538    info: 071018_LC_G5_Rep1_FERT_pseudo2
MMPRNT1539,7/10/2018,Vander Stel,LC,G5,FERT,1,3,9,7.16,sampleID:  MMPRNT-1539    info: 071018_LC_G5_Rep1_FERT_pseudo3
MMPRNT1540,7/10/2018,Vander Stel,LC,G5,UNFERT,1,1,2.44,3.64,sampleID:  MMPRNT-1540    info: 071018_LC_G5_Rep1_UNFERT_pseudo1
MMPRNT1541,7/10/2018,Vander Stel,LC,G5,UNFERT,1,2,8.44,7.45,sampleID:  MMPRNT-1541    info: 071018_LC_G5_Rep1_UNFERT_pseudo2
MMPRNT1542,7/10/2018,Vander Stel,LC,G5,UNFERT,1,3,6.92,2.15,sampleID:  MMPRNT-1542    info: 071018_LC_G5_Rep1_UNFERT_pseudo3
MMPRNT1543,7/10/2018,Vander Stel,LC,G5,FERT,2,1,17.25,6.24,sampleID:  MMPRNT-1543    info: 071018_LC_G5_Rep2_FERT_pseudo1
MMPRNT1544,7/10/2018,Vander Stel,LC,G5,FERT,2,2,16.34,1.56,sampleID:  MMPRNT-1544    info: 071018_LC_G5_Rep2_FERT_pseudo2
MMPRNT1545,7/10/2018,Vander Stel,LC,G5,FERT,2,3,16.02,2.9,sampleID:  MMPRNT-1545    info: 071018_LC_G5_Rep2_FERT_pseudo3
MMPRNT1546,7/10/2018,Vander Stel,LC,G5,UNFERT,2,1,17.7,2.76,sampleID:  MMPRNT-1546    info: 071018_LC_G5_Rep2_UNFERT_pseudo1
MMPRNT1547,7/10/2018,Vander Stel,LC,G5,UNFERT,2,2,6.88,1.39,sampleID:  MMPRNT-1547    info: 071018_LC_G5_Rep2_UNFERT_pseudo2
MMPRNT1548,7/10/2018,Vander Stel,LC,G5,UNFERT,2,3,14.25,9.1,sampleID:  MMPRNT-1548    info: 071018_LC_G5_Rep2_UNFERT_pseudo3
MMPRNT1549,7/10/2018,Vander Stel,LC,G5,FERT,3,1,16.81,2.58,sampleID:  MMPRNT-1549    info: 071018_LC_G5_Rep3_FERT_pseudo1
MMPRNT1550,7/10/2018,Vander Stel,LC,G5,FERT,3,2,11.89,8.98,sampleID:  MMPRNT-1550    info: 071018_LC_G5_Rep3_FERT_pseudo2
MMPRNT1551,7/10/2018,Vander Stel,LC,G5,FERT,3,3,11.01,5.52,sampleID:  MMPRNT-1551    info: 071018_LC_G5_Rep3_FERT_pseudo3
MMPRNT1552,7/10/2018,Vander Stel,LC,G5,UNFERT,3,1,4.77,8.79,sampleID:  MMPRNT-1552    info: 071018_LC_G5_Rep3_UNFERT_pseudo1
MMPRNT1553,7/10/2018,Vander Stel,LC,G5,UNFERT,3,2,18.6,4.91,sampleID:  MMPRNT-1553    info: 071018_LC_G5_Rep3_UNFERT_pseudo2
MMPRNT1554,7/10/2018,Vander Stel,LC,G5,UNFERT,3,3,3.71,7.39,sampleID:  MMPRNT-1554    info: 071018_LC_G5_Rep3_UNFERT_pseudo3
MMPRNT1555,7/10/2018,Vander Stel,LC,G5,FERT,4,1,3.02,4.1,sampleID:  MMPRNT-1555    info: 071018_LC_G5_Rep4_FERT_pseudo1
MMPRNT1556,7/10/2018,Vander Stel,LC,G5,FERT,4,2,3.92,1.82,sampleID:  MMPRNT-1556    info: 071018_LC_G5_Rep4_FERT_pseudo2
MMPRNT1557,7/10/2018,Vander Stel,LC,G5,FERT,4,3,7.51,7.62,sampleID:  MMPRNT-1557    info: 071018_LC_G5_Rep4_FERT_pseudo3
MMPRNT1558,7/10/2018,Vander Stel,LC,G5,UNFERT,4,1,2.06,8.94,sampleID:  MMPRNT-1558    info: 071018_LC_G5_Rep4_UNFERT_pseudo1
MMPRNT1559,7/10/2018,Vander Stel,LC,G5,UNFERT,4,2,5.76,3.31,sampleID:  MMPRNT-1559    info: 071018_LC_G5_Rep4_UNFERT_pseudo2
MMPRNT1616,7/16/2018,Vander Stel,HAN,G5,FERT,2,2,4.8,2.68,sampleID:  MMPRNT-1616    info: 071618_HAN_G5_Rep2_FERT_pseudo2
MMPRNT1617,7/16/2018,Vander Stel,HAN,G5,FERT,2,3,2.71,1.99,sampleID:  MMPRNT-1617    info: 071618_HAN_G5_Rep2_FERT_pseudo3
MMPRNT1618,7/16/2018,Vander Stel,HAN,G5,UNFERT,2,1,13.95,0.73,sampleID:  MMPRNT-1618    info: 071618_HAN_G5_Rep2_UNFERT_pseudo1
MMPRNT1619,7/16/2018,Vander Stel,HAN,G5,UNFERT,2,2,10.25,0.77,sampleID:  MMPRNT-1619    info: 071618_HAN_G5_Rep2_UNFERT_pseudo2
MMPRNT1620,7/16/2018,Vander Stel,HAN,G5,UNFERT,2,3,13.1,3.59,sampleID:  MMPRNT-1620    info: 071618_HAN_G5_Rep2_UNFERT_pseudo3
MMPRNT1621,7/16/2018,Vander Stel,HAN,G5,FERT,3,1,4.06,2.71,sampleID:  MMPRNT-1621    info: 071618_HAN_G5_Rep3_FERT_pseudo1
MMPRNT1622,7/16/2018,Vander Stel,HAN,G5,FERT,3,2,2.3,4.17,sampleID:  MMPRNT-1622    info: 071618_HAN_G5_Rep3_FERT_pseudo2
MMPRNT1623,7/16/2018,Vander Stel,HAN,G5,FERT,3,3,8.34,2.02,sampleID:  MMPRNT-1623    info: 071618_HAN_G5_Rep3_FERT_pseudo3
MMPRNT1624,7/16/2018,Vander Stel,HAN,G5,UNFERT,3,1,15.28,1.12,sampleID:  MMPRNT-1624    info: 071618_HAN_G5_Rep3_UNFERT_pseudo1
MMPRNT1625,7/16/2018,Vander Stel,HAN,G5,UNFERT,3,2,17.77,1.31,sampleID:  MMPRNT-1625    info: 071618_HAN_G5_Rep3_UNFERT_pseudo2
MMPRNT1626,7/16/2018,Vander Stel,HAN,G5,UNFERT,3,3,16.84,2.6,sampleID:  MMPRNT-1626    info: 071618_HAN_G5_Rep3_UNFERT_pseudo3
MMPRNT1627,7/16/2018,Vander Stel,HAN,G5,FERT,4,1,3.5,1.54,sampleID:  MMPRNT-1627    info: 071618_HAN_G5_Rep4_FERT_pseudo1
MMPRNT1628,7/16/2018,Vander Stel,HAN,G5,FERT,4,2,5.68,0.76,sampleID:  MMPRNT-1628    info: 071618_HAN_G5_Rep4_FERT_pseudo2
MMPRNT1629,7/16/2018,Vander Stel,HAN,G5,FERT,4,3,1.56,4.62,sampleID:  MMPRNT-1629    info: 071618_HAN_G5_Rep4_FERT_pseudo3
MMPRNT1630,7/16/2018,Vander Stel,HAN,G5,UNFERT,4,1,15.85,0.87,sampleID:  MMPRNT-1630    info: 071618_HAN_G5_Rep4_UNFERT_pseudo1
MMPRNT1631,7/16/2018,Vander Stel,HAN,G5,UNFERT,4,2,14.79,2.06,sampleID:  MMPRNT-1631    info: 071618_HAN_G5_Rep4_UNFERT_pseudo2
MMPRNT1632,7/16/2018,Vander Stel,HAN,G5,UNFERT,4,3,18.33,1.03,sampleID:  MMPRNT-1632    info: 071618_HAN_G5_Rep4_UNFERT_pseudo3
MMPRNT1681,7/23/2018,Vander Stel,RHN,G5,FERT,1,1,1.61,3.37,sampleID:  MMPRNT-1681    info: 7232018_RHN_G5_Rep1_FERT_pseudo1
MMPRNT1682,7/23/2018,Vander Stel,RHN,G5,FERT,1,2,2.04,0.78,sampleID:  MMPRNT-1682    info: 7232018_RHN_G5_Rep1_FERT_pseudo2
MMPRNT1683,7/23/2018,Vander Stel,RHN,G5,FERT,1,3,3.64,5,sampleID:  MMPRNT-1683    info: 7232018_RHN_G5_Rep1_FERT_pseudo3
MMPRNT1684,7/23/2018,Vander Stel,RHN,G5,UNFERT,1,1,15.07,2.41,sampleID:  MMPRNT-1684    info: 7232018_RHN_G5_Rep1_UNFERT_pseudo1
MMPRNT1685,7/23/2018,Vander Stel,RHN,G5,UNFERT,1,2,10.34,5.11,sampleID:  MMPRNT-1685    info: 7232018_RHN_G5_Rep1_UNFERT_pseudo2
MMPRNT1686,7/23/2018,Vander Stel,RHN,G5,UNFERT,1,3,12.1,3.69,sampleID:  MMPRNT-1686    info: 7232018_RHN_G5_Rep1_UNFERT_pseudo3
MMPRNT1687,7/23/2018,Vander Stel,RHN,G5,FERT,2,1,15.03,1.02,sampleID:  MMPRNT-1687    info: 7232018_RHN_G5_Rep2_FERT_pseudo1
MMPRNT1688,7/23/2018,Vander Stel,RHN,G5,FERT,2,2,11.28,1.49,sampleID:  MMPRNT-1688    info: 7232018_RHN_G5_Rep2_FERT_pseudo2
MMPRNT1689,7/23/2018,Vander Stel,RHN,G5,FERT,2,3,18.64,3.25,sampleID:  MMPRNT-1689    info: 7232018_RHN_G5_Rep2_FERT_pseudo3
MMPRNT1690,7/23/2018,Vander Stel,RHN,G5,UNFERT,2,1,17.97,5.05,sampleID:  MMPRNT-1690    info: 7232018_RHN_G5_Rep2_UNFERT_pseudo1
MMPRNT1691,7/23/2018,Vander Stel,RHN,G5,UNFERT,2,2,16.2,4.82,sampleID:  MMPRNT-1691    info: 7232018_RHN_G5_Rep2_UNFERT_pseudo2
MMPRNT1692,7/23/2018,Vander Stel,RHN,G5,UNFERT,2,3,13.35,4.7,sampleID:  MMPRNT-1692    info: 7232018_RHN_G5_Rep2_UNFERT_pseudo3
MMPRNT1693,7/23/2018,Vander Stel,RHN,G5,FERT,3,1,8.01,0.66,sampleID:  MMPRNT-1693    info: 7232018_RHN_G5_Rep3_FERT_pseudo1
MMPRNT1694,7/23/2018,Vander Stel,RHN,G5,FERT,3,2,4.8,3.41,sampleID:  MMPRNT-1694    info: 7232018_RHN_G5_Rep3_FERT_pseudo2
MMPRNT1695,7/23/2018,Vander Stel,RHN,G5,FERT,3,3,2.14,0.72,sampleID:  MMPRNT-1695    info: 7232018_RHN_G5_Rep3_FERT_pseudo3
MMPRNT1696,7/23/2018,Vander Stel,RHN,G5,UNFERT,3,1,15.72,5.17,sampleID:  MMPRNT-1696    info: 7232018_RHN_G5_Rep3_UNFERT_pseudo1
MMPRNT1697,7/23/2018,Vander Stel,RHN,G5,UNFERT,3,2,14.52,1.75,sampleID:  MMPRNT-1697    info: 7232018_RHN_G5_Rep3_UNFERT_pseudo2
MMPRNT1698,7/23/2018,Vander Stel,RHN,G5,UNFERT,3,3,13.55,1.63,sampleID:  MMPRNT-1698    info: 7232018_RHN_G5_Rep3_UNFERT_pseudo3
MMPRNT1699,7/23/2018,Vander Stel,RHN,G5,FERT,4,1,2.24,0.61,sampleID:  MMPRNT-1699    info: 7232018_RHN_G5_Rep4_FERT_pseudo1
MMPRNT1700,7/23/2018,Vander Stel,RHN,G5,FERT,4,2,9.75,4.51,sampleID:  MMPRNT-1700    info: 7232018_RHN_G5_Rep4_FERT_pseudo2
MMPRNT1701,7/23/2018,Vander Stel,RHN,G5,FERT,4,3,5.09,1.18,sampleID:  MMPRNT-1701    info: 7232018_RHN_G5_Rep4_FERT_pseudo3
MMPRNT1702,7/23/2018,Vander Stel,RHN,G5,UNFERT,4,1,14.04,3.05,sampleID:  MMPRNT-1702    info: 7232018_RHN_G5_Rep4_UNFERT_pseudo1
MMPRNT1703,7/23/2018,Vander Stel,RHN,G5,UNFERT,4,2,15.82,3.84,sampleID:  MMPRNT-1703    info: 7232018_RHN_G5_Rep4_UNFERT_pseudo2
MMPRNT1704,7/23/2018,Vander Stel,RHN,G5,UNFERT,4,3,12.98,1.4,sampleID:  MMPRNT-1704    info: 7232018_RHN_G5_Rep4_UNFERT_pseudo3
MMPRNT1753,7/24/2018,Vander Stel,ESC,G5,FERT,1,1,0.75,2.48,sampleID:  MMPRNT-1753    info: 7242018_ESC_G5_Rep1_FERT_pseudo1
MMPRNT1754,7/24/2018,Vander Stel,ESC,G5,FERT,1,2,3.51,3.75,sampleID:  MMPRNT-1754    info: 7242018_ESC_G5_Rep1_FERT_pseudo2
MMPRNT1755,7/24/2018,Vander Stel,ESC,G5,FERT,1,3,2.49,2.05,sampleID:  MMPRNT-1755    info: 7242018_ESC_G5_Rep1_FERT_pseudo3
MMPRNT1756,7/24/2018,Vander Stel,ESC,G5,UNFERT,1,1,5.46,4.2,sampleID:  MMPRNT-1756    info: 7242018_ESC_G5_Rep1_UNFERT_pseudo1
MMPRNT1757,7/24/2018,Vander Stel,ESC,G5,UNFERT,1,2,2.89,0.67,sampleID:  MMPRNT-1757    info: 7242018_ESC_G5_Rep1_UNFERT_pseudo2
MMPRNT1758,7/24/2018,Vander Stel,ESC,G5,UNFERT,1,3,9.14,4.93,sampleID:  MMPRNT-1758    info: 7242018_ESC_G5_Rep1_UNFERT_pseudo3
MMPRNT1759,7/24/2018,Vander Stel,ESC,G5,FERT,2,1,4.37,3.23,sampleID:  MMPRNT-1759    info: 7242018_ESC_G5_Rep2_FERT_pseudo1
MMPRNT1760,7/24/2018,Vander Stel,ESC,G5,FERT,2,2,8.43,4.32,sampleID:  MMPRNT-1760    info: 7242018_ESC_G5_Rep2_FERT_pseudo2
MMPRNT1761,7/24/2018,Vander Stel,ESC,G5,FERT,2,3,5.61,1.24,sampleID:  MMPRNT-1761    info: 7242018_ESC_G5_Rep2_FERT_pseudo3
MMPRNT1762,7/24/2018,Vander Stel,ESC,G5,UNFERT,2,1,4.33,3.02,sampleID:  MMPRNT-1762    info: 7242018_ESC_G5_Rep2_UNFERT_pseudo1
MMPRNT1763,7/24/2018,Vander Stel,ESC,G5,UNFERT,2,2,5.72,1.93,sampleID:  MMPRNT-1763    info: 7242018_ESC_G5_Rep2_UNFERT_pseudo2
MMPRNT1764,7/24/2018,Vander Stel,ESC,G5,UNFERT,2,3,4.62,4.33,sampleID:  MMPRNT-1764    info: 7242018_ESC_G5_Rep2_UNFERT_pseudo3
MMPRNT1765,7/24/2018,Vander Stel,ESC,G5,FERT,3,1,1.02,5.08,sampleID:  MMPRNT-1765    info: 7242018_ESC_G5_Rep3_FERT_pseudo1
MMPRNT1766,7/24/2018,Vander Stel,ESC,G5,FERT,3,2,8.63,1.32,sampleID:  MMPRNT-1766    info: 7242018_ESC_G5_Rep3_FERT_pseudo2
MMPRNT1767,7/24/2018,Vander Stel,ESC,G5,FERT,3,3,7.6,0.86,sampleID:  MMPRNT-1767    info: 7242018_ESC_G5_Rep3_FERT_pseudo3
MMPRNT1768,7/24/2018,Vander Stel,ESC,G5,UNFERT,3,1,5.59,4.49,sampleID:  MMPRNT-1768    info: 7242018_ESC_G5_Rep3_UNFERT_pseudo1
MMPRNT1769,7/24/2018,Vander Stel,ESC,G5,UNFERT,3,2,6,5.44,sampleID:  MMPRNT-1769    info: 7242018_ESC_G5_Rep3_UNFERT_pseudo2
MMPRNT1770,7/24/2018,Vander Stel,ESC,G5,UNFERT,3,3,7,1.91,sampleID:  MMPRNT-1770    info: 7242018_ESC_G5_Rep3_UNFERT_pseudo3
MMPRNT1771,7/24/2018,Vander Stel,ESC,G5,FERT,4,1,8.04,4.3,sampleID:  MMPRNT-1771    info: 7242018_ESC_G5_Rep4_FERT_pseudo1
MMPRNT1772,7/24/2018,Vander Stel,ESC,G5,FERT,4,2,10,3.46,sampleID:  MMPRNT-1772    info: 7242018_ESC_G5_Rep4_FERT_pseudo2
MMPRNT1773,7/24/2018,Vander Stel,ESC,G5,FERT,4,3,15,1.87,sampleID:  MMPRNT-1773    info: 7242018_ESC_G5_Rep4_FERT_pseudo3
MMPRNT1774,7/24/2018,Vander Stel,ESC,G5,UNFERT,4,1,3.4,2.22,sampleID:  MMPRNT-1774    info: 7242018_ESC_G5_Rep4_UNFERT_pseudo1
MMPRNT1775,7/24/2018,Vander Stel,ESC,G5,UNFERT,4,2,3.72,4.41,sampleID:  MMPRNT-1775    info: 7242018_ESC_G5_Rep4_UNFERT_pseudo2
MMPRNT1776,7/24/2018,Vander Stel,ESC,G5,UNFERT,4,3,5.75,3.63,sampleID:  MMPRNT-1776    info: 7242018_ESC_G5_Rep4_UNFERT_pseudo3
MMPRNTCtrl7BB5,Control,Control,Control,Control,Control,Control,Control,Control,Control,Control
